filename,relative_path,size_MB
Checklists for CriminalCivil Proposals.pdf,Circulars and Government Resolutions issued by Department/Checklists for CriminalCivil Proposals.pdf,2.657
Manual for Handling Legislation and Subordinate Legislation Work.pdf,Circulars and Government Resolutions issued by Department/Manual for Handling Legislation and Subordinate Legislation Work.pdf,8.883
Procedure in case reference made to the Remembrancer of Legal Affairs.pdf,Circulars and Government Resolutions issued by Department/Procedure in case reference made to the Remembrancer of Legal Affairs.pdf,1.342
Rules of procedure for dealing of Legislation work (Bills  Ordinances) and Subordinate Legislation work.pdf,Circulars and Government Resolutions issued by Department/Rules of procedure for dealing of Legislation work (Bills  Ordinances) and Subordinate Legislation work.pdf,0.775
"The Maharashtra Agricultural Produce Marketing (Development and Regulation) Act, 1963.pdf","Maharashtra Acts/Business/The Maharashtra Agricultural Produce Marketing (Development and Regulation) Act, 1963.pdf",0.882
"The Maharashtra Co-operative Societies Act, 1960.pdf","Maharashtra Acts/Business/The Maharashtra Co-operative Societies Act, 1960.pdf",1.365
"The Maharashtra State Tax on Professions, Trades, Callings and Employments Act, 1975.pdf","Maharashtra Acts/Business/The Maharashtra State Tax on Professions, Trades, Callings and Employments Act, 1975.pdf",0.589
"The Maharashtra Value Added Tax Act, 2002..pdf","Maharashtra Acts/Business/The Maharashtra Value Added Tax Act, 2002..pdf",1.079
"Maharashtra Employees of Private Schools Act, 1977.pdf","Maharashtra Acts/Labour/Maharashtra Employees of Private Schools Act, 1977.pdf",0.392
Maharashtra Industrial Relations Act.pdf,Maharashtra Acts/Labour/Maharashtra Industrial Relations Act.pdf,0.746
"Maharashtra Mathadi, Hamal and Other Manual Workers Act, 1969.pdf","Maharashtra Acts/Labour/Maharashtra Mathadi, Hamal and Other Manual Workers Act, 1969.pdf",0.517
"Maharashtra Recognition of Trade Unions and Prevention of Unfair Labour Practices Act, 1971.pdf","Maharashtra Acts/Labour/Maharashtra Recognition of Trade Unions and Prevention of Unfair Labour Practices Act, 1971.pdf",0.356
"Maharashtra Shops and Establishments Act, 2017.pdf","Maharashtra Acts/Labour/Maharashtra Shops and Establishments Act, 2017.pdf",0.405
Maharashtra Apartment Ownership Act.pdf,Maharashtra Acts/Property  Housing/Maharashtra Apartment Ownership Act.pdf,0.314
"Maharashtra Housing & Area Development Act, 1976.pdf","Maharashtra Acts/Property  Housing/Maharashtra Housing & Area Development Act, 1976.pdf",0.9
"Maharashtra Ownership Flats Act, 1963.pdf","Maharashtra Acts/Property  Housing/Maharashtra Ownership Flats Act, 1963.pdf",0.323
"Maharashtra Regional & Town Planning Act, 1966.pdf","Maharashtra Acts/Property  Housing/Maharashtra Regional & Town Planning Act, 1966.pdf",1.026
Maharashtra Slum Areas Act.pdf,Maharashtra Acts/Property  Housing/Maharashtra Slum Areas Act.pdf,0.075
Maharashtra Stamp Act.pdf,Maharashtra Acts/Property  Housing/Maharashtra Stamp Act.pdf,0.885
"The Maharashtra Rent Control Act, 1999.pdf","Maharashtra Acts/Property  Housing/The Maharashtra Rent Control Act, 1999.pdf",0.606
THE MAHARASHTRA POLICE ACT.pdf,Maharashtra Acts/government/THE MAHARASHTRA POLICE ACT.pdf,1.15
"The Maharashtra Fire Prevention and Life Safety Measures Act, 2006.pdf","Maharashtra Acts/government/The Maharashtra Fire Prevention and Life Safety Measures Act, 2006.pdf",0.86
"The Maharashtra Lokayukta Act, 2023.pdf","Maharashtra Acts/government/The Maharashtra Lokayukta Act, 2023.pdf",0.18
"Maharashtra Land Revenue Code, 1966.pdf","Maharashtra Acts/land_revenue/Maharashtra Land Revenue Code, 1966.pdf",1.177
Maharashtra Prevention of Fragmentation and Consolidation of Holdings Act.pdf,Maharashtra Acts/land_revenue/Maharashtra Prevention of Fragmentation and Consolidation of Holdings Act.pdf,0.385
Maharashtra Tenancy and Agricultural Lands Act.pdf,Maharashtra Acts/land_revenue/Maharashtra Tenancy and Agricultural Lands Act.pdf,0.942
"Maharashtra Municipal Councils, Nagar Panchayats and Industrial Townships Act, 1965.pdf","Maharashtra Acts/local_government/Maharashtra Municipal Councils, Nagar Panchayats and Industrial Townships Act, 1965.pdf",2.229
"Real Estate (Regulation and Development) Act, 2016 (RERA).pdf","Maharashtra Acts/national_supporting_laws/Real Estate (Regulation and Development) Act, 2016 (RERA).pdf",0.536
"THE INDIAN CONTRACT ACT, 1872.pdf","Maharashtra Acts/national_supporting_laws/THE INDIAN CONTRACT ACT, 1872.pdf",0.68
"THE REGISTRATION ACT, 1908.pdf","Maharashtra Acts/national_supporting_laws/THE REGISTRATION ACT, 1908.pdf",0.831
"THE SPECIFIC RELIEF ACT, 1963.pdf","Maharashtra Acts/national_supporting_laws/THE SPECIFIC RELIEF ACT, 1963.pdf",0.287
"THE TRANSFER OF PROPERTY ACT, 1882.pdf","Maharashtra Acts/national_supporting_laws/THE TRANSFER OF PROPERTY ACT, 1882.pdf",0.659
GR-06 — Farm roads under Maharashtra Land Revenue Code.pdf,gr/Land  Revenue/GR-06 — Farm roads under Maharashtra Land Revenue Code.pdf,0.46
Policy to regularize encroachments on government land for residential purposes — 12 Jan 2026.pdf,gr/Land  Revenue/Policy to regularize encroachments on government land for residential purposes — 12 Jan 2026.pdf,0.237
Transfer of title process online — 22 Dec 2016.pdf,gr/Land  Revenue/Transfer of title process online — 22 Dec 2016.pdf,1.471
GR-01 — Maharashtra Housing Policy 2025.pdf,gr/housing/GR-01 — Maharashtra Housing Policy 2025.pdf,2.103
"GR-02 — Rental Housing, MMRDA.pdf","gr/housing/GR-02 — Rental Housing, MMRDA.pdf",0.177
"GR-03 — Rental Housing, MMR.pdf","gr/housing/GR-03 — Rental Housing, MMR.pdf",0.165
"GR-04 — Rental Housing, Greater Mumbai.pdf","gr/housing/GR-04 — Rental Housing, Greater Mumbai.pdf",0.189
GR-05 — Policy regarding allotment of land to cooperative housing societies.pdf,gr/housing/GR-05 — Policy regarding allotment of land to cooperative housing societies.pdf,1.458
PMAY(U)   PMAY(U)-2.0 implementation GR — 4 Nov 2025.pdf,gr/housing/PMAY(U)   PMAY(U)-2.0 implementation GR — 4 Nov 2025.pdf,0.47
Redevelopment of Cooperative Housing Societies — 19 Oct 2011.pdf,gr/housing/Redevelopment of Cooperative Housing Societies — 19 Oct 2011.pdf,0.804
Redevelopment of Cooperative Housing Societies — 3 Jan 2009.pdf,gr/housing/Redevelopment of Cooperative Housing Societies — 3 Jan 2009.pdf,5.009
Redevelopment of old dilapidated cessed buildings — 18 Jul 2005.pdf,gr/housing/Redevelopment of old dilapidated cessed buildings — 18 Jul 2005.pdf,1.494
Registration of labour societies — 11 Jul 2024.pdf,gr/labour/Registration of labour societies — 11 Jul 2024.pdf,0.413
Registration of labour societies — 17 Apr 2025.pdf,gr/labour/Registration of labour societies — 17 Apr 2025.pdf,0.354
Harish_Arora_WP_3433_2025.pdf,judgments/bombay_high_court/Cooperative/Harish_Arora_WP_3433_2025.pdf,0.328
Uday_Dalal_WP_15089_2025.pdf,judgments/bombay_high_court/Cooperative/Uday_Dalal_WP_15089_2025.pdf,0.176
Best_Workers_Union_WP_1457_2015.pdf,judgments/bombay_high_court/Labour/Best_Workers_Union_WP_1457_2015.pdf,0.151
Indo_Count_WP_4630_2025.pdf,judgments/bombay_high_court/Labour/Indo_Count_WP_4630_2025.pdf,0.177
Government_Land_WPL_33728_2022.pdf,judgments/bombay_high_court/Land Revenue/Government_Land_WPL_33728_2022.pdf,0.171
Nirlon_Limited_WP_5398_2025.pdf,judgments/bombay_high_court/Land Revenue/Nirlon_Limited_WP_5398_2025.pdf,1.787
Pravin_Gajanan_Thakur_WP_5716_2024.pdf,judgments/bombay_high_court/Land Revenue/Pravin_Gajanan_Thakur_WP_5716_2024.pdf,0.275
Asian_Chemical_Industries_WP_11164_2024.pdf,judgments/bombay_high_court/MOFA/Asian_Chemical_Industries_WP_11164_2024.pdf,0.186
Shivranjan_Towers_WP_11281_2025.pdf,judgments/bombay_high_court/MOFA/Shivranjan_Towers_WP_11281_2025.pdf,0.393
Baburao_Gangadhar_Jadhav_MRTP.pdf,judgments/bombay_high_court/MRTP/Baburao_Gangadhar_Jadhav_MRTP.pdf,0.06
Leenaben_MRTP.pdf,judgments/bombay_high_court/MRTP/Leenaben_MRTP.pdf,0.121
CRA_175_2025.pdf,judgments/bombay_high_court/Maharashtra Rent Control Act/CRA_175_2025.pdf,0.028
CRA_569_2025.pdf,judgments/bombay_high_court/Maharashtra Rent Control Act/CRA_569_2025.pdf,0.032
WP_16995_2025.pdf,judgments/bombay_high_court/Maharashtra Rent Control Act/WP_16995_2025.pdf,0.069
WP_4040_2025.pdf,judgments/bombay_high_court/Maharashtra Rent Control Act/WP_4040_2025.pdf,0.188
WP_9546_2025.pdf,judgments/bombay_high_court/Maharashtra Rent Control Act/WP_9546_2025.pdf,0.124
Mayur_Desai_WPL_11502_2025.pdf,judgments/bombay_high_court/RERA/Mayur_Desai_WPL_11502_2025.pdf,0.128
Seema_Mehata_WP_1195_2025.pdf,judgments/bombay_high_court/RERA/Seema_Mehata_WP_1195_2025.pdf,0.178
MN_Koli_WP_690_2024.pdf,judgments/bombay_high_court/Slum/MN_Koli_WP_690_2024.pdf,0.124
